{"cameraMode":{"drawMode":0,"name":"Shaded","section":"Shading Mode"},"sceneLighting":false,"audioPlay":false,"sceneViewState":{"showFog":false,"showMaterialUpdate":false,"showSkybox":false,"showFlares":false,"showImageEffects":false,"showParticleSystems":false},"in2DMode":false,"pivot":{"x":-22.55046844482422,"y":-19.01934814453125,"z":-0.9754073619842529},"rotation":{"x":-0.09883535653352738,"y":-0.007462583482265472,"z":-0.0007412100676447153,"w":0.9950755834579468},"size":7.890843391418457,"orthographic":false}